Domain Name,Allocated_To,Allocated_At
1333000.xyz,GammaQC,2026-06-09
1333001.xyz,GammaQC,2026-06-09
1333002.xyz,GammaQC,2026-06-09
1333003.xyz,GammaQC,2026-06-09
1333005.xyz,GammaQC,2026-06-09
1333006.xyz,GammaQC,2026-06-09
1333007.xyz,GammaQC,2026-06-09
1333008.xyz,GammaQC,2026-06-09
1333009.xyz,GammaQC,2026-06-09
1333010.xyz,GammaQC,2026-06-09
1333011.xyz,GammaQC,2026-06-09
1333012.xyz,GammaQC,2026-06-09
1333013.xyz,GammaQC,2026-06-09
1333014.xyz,GammaQC,2026-06-09
1333015.xyz,GammaQC,2026-06-09
1333016.xyz,GammaQC,2026-06-09
1333017.xyz,GammaQC,2026-06-09
1333018.xyz,GammaQC,2026-06-09
1333019.xyz,GammaQC,2026-06-09
1333021.xyz,GammaQC,2026-06-09
1333022.xyz,GammaQC,2026-06-09
1333024.xyz,GammaQC,2026-06-09
1333025.xyz,GammaQC,2026-06-09
1333026.xyz,GammaQC,2026-06-09
1333027.xyz,GammaQC,2026-06-09
1333028.xyz,GammaQC,2026-06-09
1333029.xyz,GammaQC,2026-06-09
1333030.xyz,GammaQC,2026-06-09
1333031.xyz,GammaQC,2026-06-09
1333032.xyz,GammaQC,2026-06-09
1333033.xyz,GammaQC,2026-06-09
1333034.xyz,GammaQC,2026-06-09
1333035.xyz,GammaQC,2026-06-09
1333036.xyz,GammaQC,2026-06-09
1333037.xyz,GammaQC,2026-06-09
1333038.xyz,GammaQC,2026-06-09
1333039.xyz,GammaQC,2026-06-09
1333040.xyz,GammaQC,2026-06-09
1333041.xyz,GammaQC,2026-06-09
1333042.xyz,GammaQC,2026-06-09
1333043.xyz,GammaQC,2026-06-09
1333044.xyz,GammaQC,2026-06-09
1333045.xyz,GammaQC,2026-06-09
1333046.xyz,GammaQC,2026-06-09
1333047.xyz,GammaQC,2026-06-09
1333048.xyz,GammaQC,2026-06-09
1333049.xyz,GammaQC,2026-06-09
1333050.xyz,GammaQC,2026-06-09
1333051.xyz,GammaQC,2026-06-09
1333052.xyz,GammaQC,2026-06-09
1333053.xyz,GammaQC,2026-06-09
1333054.xyz,GammaQC,2026-06-09
1333055.xyz,GammaQC,2026-06-09
1333056.xyz,GammaQC,2026-06-09
1333057.xyz,GammaQC,2026-06-09
1333058.xyz,GammaQC,2026-06-09
1333059.xyz,GammaQC,2026-06-09
1333061.xyz,GammaQC,2026-06-09
1333062.xyz,GammaQC,2026-06-09
1333064.xyz,GammaQC,2026-06-09
1333065.xyz,GammaQC,2026-06-09
1333066.xyz,GammaQC,2026-06-09
1333067.xyz,GammaQC,2026-06-09
1333068.xyz,GammaQC,2026-06-09
1333069.xyz,GammaQC,2026-06-09
1333070.xyz,GammaQC,2026-06-09
1333071.xyz,GammaQC,2026-06-09
1333072.xyz,GammaQC,2026-06-09
1333073.xyz,GammaQC,2026-06-09
1333074.xyz,GammaQC,2026-06-09
1333075.xyz,GammaQC,2026-06-09
1333076.xyz,GammaQC,2026-06-09
1333077.xyz,GammaQC,2026-06-09
1333078.xyz,GammaQC,2026-06-09
1333079.xyz,GammaQC,2026-06-09
1333080.xyz,GammaQC,2026-06-09
1333081.xyz,GammaQC,2026-06-09
1333082.xyz,GammaQC,2026-06-09
1333083.xyz,GammaQC,2026-06-09
1333084.xyz,GammaQC,2026-06-09
1333085.xyz,GammaQC,2026-06-09
1333086.xyz,GammaQC,2026-06-09
1333087.xyz,GammaQC,2026-06-09
1333088.xyz,GammaQC,2026-06-09
1333089.xyz,GammaQC,2026-06-09
1333090.xyz,GammaQC,2026-06-09
1333091.xyz,GammaQC,2026-06-09
1333092.xyz,GammaQC,2026-06-09
1333093.xyz,GammaQC,2026-06-09
1333094.xyz,GammaQC,2026-06-09
1333095.xyz,GammaQC,2026-06-09
1333096.xyz,GammaQC,2026-06-09
1333097.xyz,GammaQC,2026-06-09
1333098.xyz,GammaQC,2026-06-09
1333099.xyz,GammaQC,2026-06-09
1333100.xyz,GammaQC,2026-06-09
1333101.xyz,GammaQC,2026-06-09
1333102.xyz,GammaQC,2026-06-09
1333103.xyz,GammaQC,2026-06-09
1333104.xyz,GammaQC,2026-06-09
1333105.xyz,GammaQC,2026-06-09
1333106.xyz,GammaQC,2026-06-09
1333107.xyz,GammaQC,2026-06-09
1333108.xyz,GammaQC,2026-06-09
1333109.xyz,GammaQC,2026-06-09
1333110.xyz,GammaQC,2026-06-09
1333111.xyz,GammaQC,2026-06-09
1333112.xyz,GammaQC,2026-06-09
1333113.xyz,GammaQC,2026-06-09
1333114.xyz,GammaQC,2026-06-09
1333115.xyz,GammaQC,2026-06-09
1333116.xyz,GammaQC,2026-06-09
1333117.xyz,GammaQC,2026-06-09
1333118.xyz,GammaQC,2026-06-09
1333119.xyz,GammaQC,2026-06-09
1333120.xyz,GammaQC,2026-06-09
1333121.xyz,GammaQC,2026-06-09
1333122.xyz,GammaQC,2026-06-09
1333123.xyz,GammaQC,2026-06-09
1333124.xyz,GammaQC,2026-06-09
1333125.xyz,GammaQC,2026-06-09
1333126.xyz,GammaQC,2026-06-09
1333127.xyz,GammaQC,2026-06-09
1333128.xyz,GammaQC,2026-06-09
1333129.xyz,GammaQC,2026-06-09
1333131.xyz,GammaQC,2026-06-09
1333132.xyz,GammaQC,2026-06-09
1333133.xyz,GammaQC,2026-06-09
1333134.xyz,GammaQC,2026-06-09
1333135.xyz,GammaQC,2026-06-09
1333136.xyz,GammaQC,2026-06-09
1333137.xyz,GammaQC,2026-06-09
1333138.xyz,GammaQC,2026-06-09
1333139.xyz,GammaQC,2026-06-09
1333140.xyz,GammaQC,2026-06-09
1333141.xyz,GammaQC,2026-06-09
1333142.xyz,GammaQC,2026-06-09
1333143.xyz,GammaQC,2026-06-09
1333144.xyz,GammaQC,2026-06-09
1333145.xyz,GammaQC,2026-06-09
1333146.xyz,GammaQC,2026-06-09
1333147.xyz,GammaQC,2026-06-09
1333148.xyz,GammaQC,2026-06-09
1333149.xyz,GammaQC,2026-06-09
1333150.xyz,GammaQC,2026-06-09
1333151.xyz,GammaQC,2026-06-09
1333152.xyz,GammaQC,2026-06-09
1333153.xyz,GammaQC,2026-06-09
1333154.xyz,GammaQC,2026-06-09
1333155.xyz,GammaQC,2026-06-09
1333156.xyz,GammaQC,2026-06-09
1333157.xyz,GammaQC,2026-06-09
1333158.xyz,GammaQC,2026-06-09
1333159.xyz,GammaQC,2026-06-09
1333160.xyz,GammaQC,2026-06-09
1333161.xyz,GammaQC,2026-06-09
1333162.xyz,GammaQC,2026-06-09
1333163.xyz,GammaQC,2026-06-09
1333164.xyz,GammaQC,2026-06-09
1333165.xyz,GammaQC,2026-06-09
1333166.xyz,GammaQC,2026-06-09
1333167.xyz,GammaQC,2026-06-09
1333168.xyz,GammaQC,2026-06-09
1333169.xyz,GammaQC,2026-06-09
1333170.xyz,GammaQC,2026-06-09
1333171.xyz,GammaQC,2026-06-09
1333172.xyz,GammaQC,2026-06-09
1333173.xyz,GammaQC,2026-06-09
1333174.xyz,GammaQC,2026-06-09
1333175.xyz,GammaQC,2026-06-09
1333176.xyz,GammaQC,2026-06-09
1333177.xyz,GammaQC,2026-06-09
1333178.xyz,GammaQC,2026-06-09
1333179.xyz,GammaQC,2026-06-09
1333180.xyz,GammaQC,2026-06-09
1333181.xyz,GammaQC,2026-06-09
1333182.xyz,GammaQC,2026-06-09
1333183.xyz,GammaQC,2026-06-09
1333184.xyz,GammaQC,2026-06-09
1333185.xyz,GammaQC,2026-06-09
1333186.xyz,GammaQC,2026-06-09
1333187.xyz,GammaQC,2026-06-09
1333188.xyz,GammaQC,2026-06-09
1333189.xyz,GammaQC,2026-06-09
1333190.xyz,GammaQC,2026-06-09
1333191.xyz,GammaQC,2026-06-09
1333192.xyz,GammaQC,2026-06-09
1333193.xyz,GammaQC,2026-06-09
1333194.xyz,GammaQC,2026-06-09
1333195.xyz,GammaQC,2026-06-09
1333196.xyz,GammaQC,2026-06-09
1333197.xyz,GammaQC,2026-06-09
1333198.xyz,GammaQC,2026-06-09
1333199.xyz,GammaQC,2026-06-09
1333200.xyz,GammaQC,2026-06-09
1333201.xyz,GammaQC,2026-06-09
1333202.xyz,GammaQC,2026-06-09
1333203.xyz,GammaQC,2026-06-09
1333204.xyz,GammaQC,2026-06-09
1333205.xyz,GammaQC,2026-06-09
1333206.xyz,GammaQC,2026-06-09
1333207.xyz,GammaQC,2026-06-09
1333208.xyz,GammaQC,2026-06-09
1333209.xyz,GammaQC,2026-06-09
1333210.xyz,GammaQC,2026-06-09
1333211.xyz,GammaQC,2026-06-09
1333212.xyz,GammaQC,2026-06-09
1333213.xyz,GammaQC,2026-06-09
1333214.xyz,GammaQC,2026-06-09
1333215.xyz,GammaQC,2026-06-09
1333216.xyz,GammaQC,2026-06-09
1333217.xyz,GammaQC,2026-06-09
1333218.xyz,GammaQC,2026-06-09
1333219.xyz,GammaQC,2026-06-09
1333220.xyz,GammaQC,2026-06-09
1333221.xyz,GammaQC,2026-06-09
1333222.xyz,GammaQC,2026-06-09
1333223.xyz,GammaQC,2026-06-09
1333224.xyz,GammaQC,2026-06-09
1333225.xyz,GammaQC,2026-06-09
1333226.xyz,GammaQC,2026-06-09
1333227.xyz,GammaQC,2026-06-09
1333228.xyz,GammaQC,2026-06-09
1333229.xyz,GammaQC,2026-06-09
1333230.xyz,GammaQC,2026-06-09
1333231.xyz,GammaQC,2026-06-09
1333232.xyz,GammaQC,2026-06-09
1333233.xyz,GammaQC,2026-06-09
1333234.xyz,GammaQC,2026-06-09
1333235.xyz,GammaQC,2026-06-09
1333236.xyz,GammaQC,2026-06-09
1333237.xyz,GammaQC,2026-06-09
1333238.xyz,GammaQC,2026-06-09
1333239.xyz,GammaQC,2026-06-09
1333240.xyz,GammaQC,2026-06-09
1333241.xyz,GammaQC,2026-06-09
1333242.xyz,GammaQC,2026-06-09
1333243.xyz,GammaQC,2026-06-09
1333244.xyz,GammaQC,2026-06-09
1333245.xyz,GammaQC,2026-06-09
1333246.xyz,GammaQC,2026-06-09
1333247.xyz,GammaQC,2026-06-09
1333248.xyz,GammaQC,2026-06-09
1333249.xyz,GammaQC,2026-06-09
1333250.xyz,GammaQC,2026-06-09
1333251.xyz,GammaQC,2026-06-09
1333252.xyz,GammaQC,2026-06-09
1333253.xyz,GammaQC,2026-06-09
1333254.xyz,GammaQC,2026-06-09
1333255.xyz,GammaQC,2026-06-09
1333256.xyz,GammaQC,2026-06-09
1333257.xyz,GammaQC,2026-06-09
1333258.xyz,GammaQC,2026-06-09
1333259.xyz,GammaQC,2026-06-09
1333260.xyz,GammaQC,2026-06-09
1333261.xyz,GammaQC,2026-06-09
1333262.xyz,GammaQC,2026-06-09
1333263.xyz,GammaQC,2026-06-09
1333264.xyz,GammaQC,2026-06-09
1333265.xyz,GammaQC,2026-06-09
1333266.xyz,GammaQC,2026-06-09
1333267.xyz,GammaQC,2026-06-09
1333268.xyz,GammaQC,2026-06-09
1333269.xyz,GammaQC,2026-06-09
1333270.xyz,GammaQC,2026-06-09
1333271.xyz,GammaQC,2026-06-09
1333272.xyz,GammaQC,2026-06-09
1333273.xyz,GammaQC,2026-06-09
1333274.xyz,GammaQC,2026-06-09
1333275.xyz,GammaQC,2026-06-09
1333276.xyz,GammaQC,2026-06-09
1333277.xyz,GammaQC,2026-06-09
1333278.xyz,GammaQC,2026-06-09
1333279.xyz,GammaQC,2026-06-09
1333280.xyz,GammaQC,2026-06-09
1333281.xyz,GammaQC,2026-06-09
1333282.xyz,GammaQC,2026-06-09
1333283.xyz,GammaQC,2026-06-09
1333284.xyz,GammaQC,2026-06-09
1333285.xyz,GammaQC,2026-06-09
1333286.xyz,GammaQC,2026-06-09
1333287.xyz,GammaQC,2026-06-09
1333288.xyz,GammaQC,2026-06-09
1333289.xyz,GammaQC,2026-06-09
1333290.xyz,GammaQC,2026-06-09
1333291.xyz,GammaQC,2026-06-09
1333292.xyz,GammaQC,2026-06-09
1333293.xyz,GammaQC,2026-06-09
1333294.xyz,GammaQC,2026-06-09
1333295.xyz,GammaQC,2026-06-09
1333296.xyz,GammaQC,2026-06-09
1333297.xyz,GammaQC,2026-06-09
1333298.xyz,GammaQC,2026-06-09
1333299.xyz,GammaQC,2026-06-09
1333300.xyz,GammaQC,2026-06-09
1333301.xyz,GammaQC,2026-06-09
1333302.xyz,GammaQC,2026-06-09
1333303.xyz,GammaQC,2026-06-09
1333304.xyz,GammaQC,2026-06-09
1333305.xyz,GammaQC,2026-06-09
1333306.xyz,GammaQC,2026-06-09
1333307.xyz,GammaQC,2026-06-09
1333308.xyz,GammaQC,2026-06-09
1333310.xyz,GammaQC,2026-06-09
1333311.xyz,GammaQC,2026-06-09
1333312.xyz,GammaQC,2026-06-09
1333313.xyz,GammaQC,2026-06-09
1333314.xyz,GammaQC,2026-06-09
1333315.xyz,GammaQC,2026-06-09
1333316.xyz,GammaQC,2026-06-09
1333317.xyz,GammaQC,2026-06-09
1333318.xyz,GammaQC,2026-06-09
1333319.xyz,GammaQC,2026-06-09
1333320.xyz,GammaQC,2026-06-09
1333321.xyz,GammaQC,2026-06-09
1333322.xyz,GammaQC,2026-06-09
1333323.xyz,GammaQC,2026-06-09
1333324.xyz,GammaQC,2026-06-09
1333325.xyz,GammaQC,2026-06-09
1333326.xyz,GammaQC,2026-06-09
1333327.xyz,GammaQC,2026-06-09
1333328.xyz,GammaQC,2026-06-09
1333329.xyz,GammaQC,2026-06-09
1333330.xyz,GammaQC,2026-06-09
1333332.xyz,GammaQC,2026-06-09
1333334.xyz,GammaQC,2026-06-09
1333335.xyz,GammaQC,2026-06-09
1333336.xyz,GammaQC,2026-06-09
1333338.xyz,GammaQC,2026-06-09
1333339.xyz,GammaQC,2026-06-09
1333340.xyz,GammaQC,2026-06-09
1333341.xyz,GammaQC,2026-06-09
1333342.xyz,GammaQC,2026-06-09
1333343.xyz,GammaQC,2026-06-09
1333344.xyz,GammaQC,2026-06-09
1333345.xyz,GammaQC,2026-06-09
1333346.xyz,GammaQC,2026-06-09
1333347.xyz,GammaQC,2026-06-09
1333348.xyz,GammaQC,2026-06-09
1333349.xyz,GammaQC,2026-06-09
1333350.xyz,GammaQC,2026-06-09
1333351.xyz,GammaQC,2026-06-09
1333352.xyz,GammaQC,2026-06-09
1333353.xyz,GammaQC,2026-06-09
1333354.xyz,GammaQC,2026-06-09
1333355.xyz,GammaQC,2026-06-09
1333356.xyz,GammaQC,2026-06-09
1333357.xyz,GammaQC,2026-06-09
1333358.xyz,GammaQC,2026-06-09
1333359.xyz,GammaQC,2026-06-09
1333360.xyz,GammaQC,2026-06-09
1333361.xyz,GammaQC,2026-06-09
1333362.xyz,GammaQC,2026-06-09
1333363.xyz,GammaQC,2026-06-09
1333364.xyz,GammaQC,2026-06-09
1333365.xyz,GammaQC,2026-06-09
1333366.xyz,GammaQC,2026-06-09
1333367.xyz,GammaQC,2026-06-09
1333368.xyz,GammaQC,2026-06-09
1333369.xyz,GammaQC,2026-06-09
1333370.xyz,GammaQC,2026-06-09
1333371.xyz,GammaQC,2026-06-09
1333372.xyz,GammaQC,2026-06-09
1333373.xyz,GammaQC,2026-06-09
1333374.xyz,GammaQC,2026-06-09
1333375.xyz,GammaQC,2026-06-09
1333376.xyz,GammaQC,2026-06-09
1333377.xyz,GammaQC,2026-06-09
1333378.xyz,GammaQC,2026-06-09
1333379.xyz,GammaQC,2026-06-09
1333380.xyz,GammaQC,2026-06-09
1333381.xyz,GammaQC,2026-06-09
1333382.xyz,GammaQC,2026-06-09
1333383.xyz,GammaQC,2026-06-09
1333384.xyz,GammaQC,2026-06-09
1333385.xyz,GammaQC,2026-06-09
1333386.xyz,GammaQC,2026-06-09
1333387.xyz,GammaQC,2026-06-09
1333388.xyz,GammaQC,2026-06-09
1333389.xyz,GammaQC,2026-06-09
1333390.xyz,GammaQC,2026-06-09
1333391.xyz,GammaQC,2026-06-09
1333392.xyz,GammaQC,2026-06-09
1333393.xyz,GammaQC,2026-06-09
1333394.xyz,GammaQC,2026-06-09
1333395.xyz,GammaQC,2026-06-09
1333396.xyz,GammaQC,2026-06-09
1333397.xyz,GammaQC,2026-06-09
1333398.xyz,GammaQC,2026-06-09
1333399.xyz,GammaQC,2026-06-09
1333400.xyz,GammaQC,2026-06-09
1333401.xyz,GammaQC,2026-06-09
1333402.xyz,GammaQC,2026-06-09
1333403.xyz,GammaQC,2026-06-09
1333404.xyz,GammaQC,2026-06-09
1333405.xyz,GammaQC,2026-06-09
1333406.xyz,GammaQC,2026-06-09
1333407.xyz,GammaQC,2026-06-09
1333408.xyz,GammaQC,2026-06-09
1333409.xyz,GammaQC,2026-06-09
1333410.xyz,GammaQC,2026-06-09
1333411.xyz,GammaQC,2026-06-09
1333412.xyz,GammaQC,2026-06-09
1333413.xyz,GammaQC,2026-06-09
1333414.xyz,GammaQC,2026-06-09
1333415.xyz,GammaQC,2026-06-09
1333416.xyz,GammaQC,2026-06-09
1333417.xyz,GammaQC,2026-06-09
1333418.xyz,GammaQC,2026-06-09
1333419.xyz,GammaQC,2026-06-09
1333420.xyz,GammaQC,2026-06-09
1333421.xyz,GammaQC,2026-06-09
1333422.xyz,GammaQC,2026-06-09
1333423.xyz,GammaQC,2026-06-09
1333424.xyz,GammaQC,2026-06-09
1333425.xyz,GammaQC,2026-06-09
1333426.xyz,GammaQC,2026-06-09
1333427.xyz,GammaQC,2026-06-09
1333428.xyz,GammaQC,2026-06-09
1333429.xyz,GammaQC,2026-06-09
1333430.xyz,GammaQC,2026-06-09
1333431.xyz,GammaQC,2026-06-09
1333432.xyz,GammaQC,2026-06-09
1333433.xyz,GammaQC,2026-06-09
1333434.xyz,GammaQC,2026-06-09
1333435.xyz,GammaQC,2026-06-09
1333436.xyz,GammaQC,2026-06-09
1333437.xyz,GammaQC,2026-06-09
1333438.xyz,GammaQC,2026-06-09
1333439.xyz,GammaQC,2026-06-09
1333440.xyz,GammaQC,2026-06-09
1333441.xyz,GammaQC,2026-06-09
1333442.xyz,GammaQC,2026-06-09
1333443.xyz,GammaQC,2026-06-09
1333446.xyz,GammaQC,2026-06-09
1333447.xyz,GammaQC,2026-06-09
1333448.xyz,GammaQC,2026-06-09
1333449.xyz,GammaQC,2026-06-09
1333450.xyz,GammaQC,2026-06-09
1333451.xyz,GammaQC,2026-06-09
1333452.xyz,GammaQC,2026-06-09
1333453.xyz,GammaQC,2026-06-09
1333454.xyz,GammaQC,2026-06-09
1333455.xyz,GammaQC,2026-06-09
1333456.xyz,GammaQC,2026-06-09
1333457.xyz,GammaQC,2026-06-09
1333458.xyz,GammaQC,2026-06-09
1333459.xyz,GammaQC,2026-06-09
1333460.xyz,GammaQC,2026-06-09
1333461.xyz,GammaQC,2026-06-09
1333462.xyz,GammaQC,2026-06-09
1333463.xyz,GammaQC,2026-06-09
1333464.xyz,GammaQC,2026-06-09
1333465.xyz,GammaQC,2026-06-09
1333466.xyz,GammaQC,2026-06-09
1333467.xyz,GammaQC,2026-06-09
1333468.xyz,GammaQC,2026-06-09
1333469.xyz,GammaQC,2026-06-09
1333470.xyz,GammaQC,2026-06-09
1333471.xyz,GammaQC,2026-06-09
1333472.xyz,GammaQC,2026-06-09
1333473.xyz,GammaQC,2026-06-09
1333474.xyz,GammaQC,2026-06-09
1333475.xyz,GammaQC,2026-06-09
1333476.xyz,GammaQC,2026-06-09
1333477.xyz,GammaQC,2026-06-09
1333478.xyz,GammaQC,2026-06-09
1333479.xyz,GammaQC,2026-06-09
1333480.xyz,GammaQC,2026-06-09
1333481.xyz,GammaQC,2026-06-09
1333482.xyz,GammaQC,2026-06-09
1333483.xyz,GammaQC,2026-06-09
1333484.xyz,GammaQC,2026-06-09
1333485.xyz,GammaQC,2026-06-09
1333486.xyz,GammaQC,2026-06-09
1333487.xyz,GammaQC,2026-06-09
1333488.xyz,GammaQC,2026-06-09
1333489.xyz,GammaQC,2026-06-09
1333490.xyz,GammaQC,2026-06-09
1333491.xyz,GammaQC,2026-06-09
1333492.xyz,GammaQC,2026-06-09
1333493.xyz,GammaQC,2026-06-09
1333494.xyz,GammaQC,2026-06-09
1333495.xyz,GammaQC,2026-06-09
1333496.xyz,GammaQC,2026-06-09
1333497.xyz,GammaQC,2026-06-09
1333498.xyz,GammaQC,2026-06-09
1333499.xyz,GammaQC,2026-06-09
1333500.xyz,GammaQC,2026-06-09
1333501.xyz,GammaQC,2026-06-09
1333502.xyz,GammaQC,2026-06-09
1333503.xyz,GammaQC,2026-06-09
1333504.xyz,GammaQC,2026-06-09
1333505.xyz,GammaQC,2026-06-09
1333506.xyz,GammaQC,2026-06-09
1333507.xyz,GammaQC,2026-06-09
1333508.xyz,GammaQC,2026-06-09
1333509.xyz,GammaQC,2026-06-09
1333510.xyz,GammaQC,2026-06-09
1333511.xyz,GammaQC,2026-06-09
1333512.xyz,GammaQC,2026-06-09
1333513.xyz,GammaQC,2026-06-09
1333514.xyz,GammaQC,2026-06-09
1333515.xyz,GammaQC,2026-06-09
1333516.xyz,GammaQC,2026-06-09
1333517.xyz,GammaQC,2026-06-09
1333518.xyz,GammaQC,2026-06-09
1333519.xyz,GammaQC,2026-06-09
1333520.xyz,GammaQC,2026-06-09
1333521.xyz,GammaQC,2026-06-09
1333522.xyz,GammaQC,2026-06-09
1333523.xyz,GammaQC,2026-06-09
1333524.xyz,GammaQC,2026-06-09
1333525.xyz,GammaQC,2026-06-09
1333526.xyz,GammaQC,2026-06-09
1333527.xyz,GammaQC,2026-06-09
1333528.xyz,GammaQC,2026-06-09
1333529.xyz,GammaQC,2026-06-09
1333530.xyz,GammaQC,2026-06-09
1333531.xyz,GammaQC,2026-06-09
1333533.xyz,GammaQC,2026-06-09
1333534.xyz,GammaQC,2026-06-09
1333535.xyz,GammaQC,2026-06-09
1333536.xyz,GammaQC,2026-06-09
1333537.xyz,GammaQC,2026-06-09
1333538.xyz,GammaQC,2026-06-09
1333539.xyz,GammaQC,2026-06-09
1333540.xyz,GammaQC,2026-06-09
1333541.xyz,GammaQC,2026-06-09
1333542.xyz,GammaQC,2026-06-09
1333543.xyz,GammaQC,2026-06-09
1333544.xyz,GammaQC,2026-06-09
1333545.xyz,GammaQC,2026-06-09
1333546.xyz,GammaQC,2026-06-09
1333547.xyz,GammaQC,2026-06-09
1333548.xyz,GammaQC,2026-06-09
1333549.xyz,GammaQC,2026-06-09
1333550.xyz,GammaQC,2026-06-09
1333551.xyz,GammaQC,2026-06-09
1333552.xyz,GammaQC,2026-06-09
1333553.xyz,GammaQC,2026-06-09
1333554.xyz,GammaQC,2026-06-09
1333556.xyz,GammaQC,2026-06-09
1333557.xyz,GammaQC,2026-06-09
1333558.xyz,GammaQC,2026-06-09
1333559.xyz,GammaQC,2026-06-09
1333560.xyz,GammaQC,2026-06-09
1333561.xyz,GammaQC,2026-06-09
1333562.xyz,GammaQC,2026-06-09
1333563.xyz,GammaQC,2026-06-09
1333564.xyz,GammaQC,2026-06-09
1333565.xyz,GammaQC,2026-06-09
1333566.xyz,GammaQC,2026-06-09
1333567.xyz,GammaQC,2026-06-09
1333568.xyz,GammaQC,2026-06-09
1333569.xyz,GammaQC,2026-06-09
1333570.xyz,GammaQC,2026-06-09
1333571.xyz,GammaQC,2026-06-09
1333572.xyz,GammaQC,2026-06-09
1333573.xyz,GammaQC,2026-06-09
1333574.xyz,GammaQC,2026-06-09
1333575.xyz,GammaQC,2026-06-09
1333576.xyz,GammaQC,2026-06-09
1333577.xyz,GammaQC,2026-06-09
1333578.xyz,GammaQC,2026-06-09
1333579.xyz,GammaQC,2026-06-09
1333580.xyz,GammaQC,2026-06-09
1333581.xyz,GammaQC,2026-06-09
1333582.xyz,GammaQC,2026-06-09
1333583.xyz,GammaQC,2026-06-09
1333584.xyz,GammaQC,2026-06-09
1333585.xyz,GammaQC,2026-06-09
1333586.xyz,GammaQC,2026-06-09
1333587.xyz,GammaQC,2026-06-09
1333588.xyz,GammaQC,2026-06-09
1333589.xyz,GammaQC,2026-06-09
1333590.xyz,GammaQC,2026-06-09
1333591.xyz,GammaQC,2026-06-09
1333592.xyz,GammaQC,2026-06-09
1333593.xyz,GammaQC,2026-06-09
1333594.xyz,GammaQC,2026-06-09
1333595.xyz,GammaQC,2026-06-09
1333596.xyz,GammaQC,2026-06-09
1333597.xyz,GammaQC,2026-06-09
1333598.xyz,GammaQC,2026-06-09
1333599.xyz,GammaQC,2026-06-09
1333600.xyz,GammaQC,2026-06-09
1333601.xyz,GammaQC,2026-06-09
1333602.xyz,GammaQC,2026-06-09
1333603.xyz,GammaQC,2026-06-09
1333604.xyz,GammaQC,2026-06-09
1333605.xyz,GammaQC,2026-06-09
1333606.xyz,GammaQC,2026-06-09
1333607.xyz,GammaQC,2026-06-09
1333608.xyz,GammaQC,2026-06-09
1333609.xyz,GammaQC,2026-06-09
1333610.xyz,GammaQC,2026-06-09
1333611.xyz,GammaQC,2026-06-09
1333612.xyz,GammaQC,2026-06-09
1333613.xyz,GammaQC,2026-06-09
1333614.xyz,GammaQC,2026-06-09
1333615.xyz,GammaQC,2026-06-09
1333616.xyz,GammaQC,2026-06-09
1333617.xyz,GammaQC,2026-06-09
1333618.xyz,GammaQC,2026-06-09
1333619.xyz,GammaQC,2026-06-09
1333620.xyz,GammaQC,2026-06-09
1333621.xyz,GammaQC,2026-06-09
1333622.xyz,GammaQC,2026-06-09
1333623.xyz,GammaQC,2026-06-09
1333624.xyz,GammaQC,2026-06-09
1333625.xyz,GammaQC,2026-06-09
1333626.xyz,GammaQC,2026-06-09
1333627.xyz,GammaQC,2026-06-09
1333628.xyz,GammaQC,2026-06-09
1333629.xyz,GammaQC,2026-06-09
1333630.xyz,GammaQC,2026-06-09
1333631.xyz,GammaQC,2026-06-09
1333632.xyz,GammaQC,2026-06-09
1333633.xyz,GammaQC,2026-06-09
1333634.xyz,GammaQC,2026-06-09
1333635.xyz,GammaQC,2026-06-09
1333636.xyz,GammaQC,2026-06-09
1333637.xyz,GammaQC,2026-06-09
1333638.xyz,GammaQC,2026-06-09
1333639.xyz,GammaQC,2026-06-09
1333640.xyz,GammaQC,2026-06-09
1333641.xyz,GammaQC,2026-06-09
1333642.xyz,GammaQC,2026-06-09
1333643.xyz,GammaQC,2026-06-09
1333644.xyz,GammaQC,2026-06-09
1333645.xyz,GammaQC,2026-06-09
1333646.xyz,GammaQC,2026-06-09
1333647.xyz,GammaQC,2026-06-09
1333648.xyz,GammaQC,2026-06-09
1333649.xyz,GammaQC,2026-06-09
1333650.xyz,GammaQC,2026-06-09
1333651.xyz,GammaQC,2026-06-09
1333652.xyz,GammaQC,2026-06-09
1333653.xyz,GammaQC,2026-06-09
1333654.xyz,GammaQC,2026-06-09
1333655.xyz,GammaQC,2026-06-09
1333656.xyz,GammaQC,2026-06-09
1333657.xyz,GammaQC,2026-06-09
1333658.xyz,GammaQC,2026-06-09
1333659.xyz,GammaQC,2026-06-09
1333660.xyz,GammaQC,2026-06-09
1333661.xyz,GammaQC,2026-06-09
1333662.xyz,GammaQC,2026-06-09
1333663.xyz,GammaQC,2026-06-09
1333664.xyz,GammaQC,2026-06-09
1333665.xyz,GammaQC,2026-06-09
1333667.xyz,GammaQC,2026-06-09
1333668.xyz,GammaQC,2026-06-09
1333669.xyz,GammaQC,2026-06-09
1333670.xyz,GammaQC,2026-06-09
1333671.xyz,GammaQC,2026-06-09
1333672.xyz,GammaQC,2026-06-09
1333673.xyz,GammaQC,2026-06-09
1333674.xyz,GammaQC,2026-06-09
1333675.xyz,GammaQC,2026-06-09
1333676.xyz,GammaQC,2026-06-09
1333677.xyz,GammaQC,2026-06-09
1333678.xyz,GammaQC,2026-06-09
1333679.xyz,GammaQC,2026-06-09
1333680.xyz,GammaQC,2026-06-09
1333681.xyz,GammaQC,2026-06-09
1333682.xyz,GammaQC,2026-06-09
1333683.xyz,GammaQC,2026-06-09
1333684.xyz,GammaQC,2026-06-09
1333685.xyz,GammaQC,2026-06-09
1333686.xyz,GammaQC,2026-06-09
1333687.xyz,GammaQC,2026-06-09
1333688.xyz,GammaQC,2026-06-09
1333689.xyz,GammaQC,2026-06-09
1333690.xyz,GammaQC,2026-06-09
1333691.xyz,GammaQC,2026-06-09
1333692.xyz,GammaQC,2026-06-09
1333693.xyz,GammaQC,2026-06-09
1333694.xyz,GammaQC,2026-06-09
1333695.xyz,GammaQC,2026-06-09
1333696.xyz,GammaQC,2026-06-09
1333697.xyz,GammaQC,2026-06-09
1333698.xyz,GammaQC,2026-06-09
1333699.xyz,GammaQC,2026-06-09
1333700.xyz,GammaQC,2026-06-09
1333701.xyz,GammaQC,2026-06-09
1333702.xyz,GammaQC,2026-06-09
1333703.xyz,GammaQC,2026-06-09
1333704.xyz,GammaQC,2026-06-09
1333705.xyz,GammaQC,2026-06-09
1333706.xyz,GammaQC,2026-06-09
1333707.xyz,GammaQC,2026-06-09
1333708.xyz,GammaQC,2026-06-09
1333709.xyz,GammaQC,2026-06-09
1333710.xyz,GammaQC,2026-06-09
1333711.xyz,GammaQC,2026-06-09
1333712.xyz,GammaQC,2026-06-09
1333713.xyz,GammaQC,2026-06-09
1333714.xyz,GammaQC,2026-06-09
1333715.xyz,GammaQC,2026-06-09
1333716.xyz,GammaQC,2026-06-09
1333717.xyz,GammaQC,2026-06-09
1333718.xyz,GammaQC,2026-06-09
1333719.xyz,GammaQC,2026-06-09
1333720.xyz,GammaQC,2026-06-09
1333721.xyz,GammaQC,2026-06-09
1333722.xyz,GammaQC,2026-06-09
1333723.xyz,GammaQC,2026-06-09
1333724.xyz,GammaQC,2026-06-09
1333725.xyz,GammaQC,2026-06-09
1333726.xyz,GammaQC,2026-06-09
1333727.xyz,GammaQC,2026-06-09
1333728.xyz,GammaQC,2026-06-09
1333729.xyz,GammaQC,2026-06-09
1333730.xyz,GammaQC,2026-06-09
1333731.xyz,GammaQC,2026-06-09
1333732.xyz,GammaQC,2026-06-09
1333733.xyz,GammaQC,2026-06-09
1333734.xyz,GammaQC,2026-06-09
1333735.xyz,GammaQC,2026-06-09
1333736.xyz,GammaQC,2026-06-09
1333737.xyz,GammaQC,2026-06-09
1333738.xyz,GammaQC,2026-06-09
1333739.xyz,GammaQC,2026-06-09
1333740.xyz,GammaQC,2026-06-09
1333741.xyz,GammaQC,2026-06-09
1333792.xyz,GammaQC,2026-06-09
1333793.xyz,GammaQC,2026-06-09
1333794.xyz,GammaQC,2026-06-09
1333795.xyz,GammaQC,2026-06-09
1333796.xyz,GammaQC,2026-06-09
1333797.xyz,GammaQC,2026-06-09
1333798.xyz,GammaQC,2026-06-09
1333799.xyz,GammaQC,2026-06-09
1333800.xyz,GammaQC,2026-06-09
1333801.xyz,GammaQC,2026-06-09
1333802.xyz,GammaQC,2026-06-09
1333803.xyz,GammaQC,2026-06-09
1333804.xyz,GammaQC,2026-06-09
1333805.xyz,GammaQC,2026-06-09
1333806.xyz,GammaQC,2026-06-09
1333807.xyz,GammaQC,2026-06-09
1333808.xyz,GammaQC,2026-06-09
1333809.xyz,GammaQC,2026-06-09
1333810.xyz,GammaQC,2026-06-09
1333811.xyz,GammaQC,2026-06-09
1333812.xyz,GammaQC,2026-06-09
1333813.xyz,GammaQC,2026-06-09
1333814.xyz,GammaQC,2026-06-09
1333815.xyz,GammaQC,2026-06-09
1333816.xyz,GammaQC,2026-06-09
1333817.xyz,GammaQC,2026-06-09
1333818.xyz,GammaQC,2026-06-09
1333819.xyz,GammaQC,2026-06-09
1333820.xyz,GammaQC,2026-06-09
1333821.xyz,GammaQC,2026-06-09
1333822.xyz,GammaQC,2026-06-09
1333823.xyz,GammaQC,2026-06-09
1333824.xyz,GammaQC,2026-06-09
1333825.xyz,GammaQC,2026-06-09
1333826.xyz,GammaQC,2026-06-09
1333827.xyz,GammaQC,2026-06-09
1333828.xyz,GammaQC,2026-06-09
1333829.xyz,GammaQC,2026-06-09
1333830.xyz,GammaQC,2026-06-09
1333831.xyz,GammaQC,2026-06-09
1333832.xyz,GammaQC,2026-06-09
1333833.xyz,GammaQC,2026-06-09
1333834.xyz,GammaQC,2026-06-09
1333835.xyz,GammaQC,2026-06-09
1333836.xyz,GammaQC,2026-06-09
1333837.xyz,GammaQC,2026-06-09
1333838.xyz,GammaQC,2026-06-09
1333839.xyz,GammaQC,2026-06-09
1333840.xyz,GammaQC,2026-06-09
1333841.xyz,GammaQC,2026-06-09
1333842.xyz,GammaQC,2026-06-09
1333843.xyz,GammaQC,2026-06-09
1333844.xyz,GammaQC,2026-06-09
1333845.xyz,GammaQC,2026-06-09
1333846.xyz,GammaQC,2026-06-09
1333847.xyz,GammaQC,2026-06-09
1333848.xyz,GammaQC,2026-06-09
1333849.xyz,GammaQC,2026-06-09
1333850.xyz,GammaQC,2026-06-09
1333851.xyz,GammaQC,2026-06-09
1333852.xyz,GammaQC,2026-06-09
1333853.xyz,GammaQC,2026-06-09
1333854.xyz,GammaQC,2026-06-09
1333855.xyz,GammaQC,2026-06-09
1333856.xyz,GammaQC,2026-06-09
1333857.xyz,GammaQC,2026-06-09
1333858.xyz,GammaQC,2026-06-09
1333859.xyz,GammaQC,2026-06-09
1333860.xyz,GammaQC,2026-06-09
1333861.xyz,GammaQC,2026-06-09
1333862.xyz,GammaQC,2026-06-09
1333863.xyz,GammaQC,2026-06-09
1333864.xyz,GammaQC,2026-06-09
1333865.xyz,GammaQC,2026-06-09
1333866.xyz,GammaQC,2026-06-09
1333867.xyz,GammaQC,2026-06-09
1333868.xyz,GammaQC,2026-06-09
1333869.xyz,GammaQC,2026-06-09
1333870.xyz,GammaQC,2026-06-09
1333871.xyz,GammaQC,2026-06-09
1333872.xyz,GammaQC,2026-06-09
1333873.xyz,GammaQC,2026-06-09
1333874.xyz,GammaQC,2026-06-09
1333875.xyz,GammaQC,2026-06-09
1333876.xyz,GammaQC,2026-06-09
1333877.xyz,GammaQC,2026-06-09
1333878.xyz,GammaQC,2026-06-09
1333879.xyz,GammaQC,2026-06-09
1333880.xyz,GammaQC,2026-06-09
1333881.xyz,GammaQC,2026-06-09
1333882.xyz,GammaQC,2026-06-09
1333883.xyz,GammaQC,2026-06-09
1333884.xyz,GammaQC,2026-06-09
1333885.xyz,GammaQC,2026-06-09
1333886.xyz,GammaQC,2026-06-09
1333887.xyz,GammaQC,2026-06-09
1333889.xyz,GammaQC,2026-06-09
1333890.xyz,GammaQC,2026-06-09
1333891.xyz,GammaQC,2026-06-09
1333892.xyz,GammaQC,2026-06-09
1333893.xyz,GammaQC,2026-06-09
1333894.xyz,GammaQC,2026-06-09
1333895.xyz,GammaQC,2026-06-09
1333896.xyz,GammaQC,2026-06-09
1333897.xyz,GammaQC,2026-06-09
1333898.xyz,GammaQC,2026-06-09
1333899.xyz,GammaQC,2026-06-09
1333900.xyz,GammaQC,2026-06-09
1333911.xyz,GammaQC,2026-06-09
1333912.xyz,GammaQC,2026-06-09
1333913.xyz,GammaQC,2026-06-09
1333914.xyz,GammaQC,2026-06-09
1333915.xyz,GammaQC,2026-06-09
1333916.xyz,GammaQC,2026-06-09
1333917.xyz,GammaQC,2026-06-09
1333918.xyz,GammaQC,2026-06-09
1333919.xyz,GammaQC,2026-06-09
1333920.xyz,GammaQC,2026-06-09
1333921.xyz,GammaQC,2026-06-09
1333922.xyz,GammaQC,2026-06-09
1333923.xyz,GammaQC,2026-06-09
1333924.xyz,GammaQC,2026-06-09
1333925.xyz,GammaQC,2026-06-09
1333926.xyz,GammaQC,2026-06-09
1333927.xyz,GammaQC,2026-06-09
1333928.xyz,GammaQC,2026-06-09
1333929.xyz,GammaQC,2026-06-09
1333930.xyz,GammaQC,2026-06-09
1333931.xyz,GammaQC,2026-06-09
1333932.xyz,GammaQC,2026-06-09
1333933.xyz,GammaQC,2026-06-09
1333934.xyz,GammaQC,2026-06-09
1333935.xyz,GammaQC,2026-06-09
1333936.xyz,GammaQC,2026-06-09
1333937.xyz,GammaQC,2026-06-09
1333938.xyz,GammaQC,2026-06-09
1333939.xyz,GammaQC,2026-06-09
1333940.xyz,GammaQC,2026-06-09
1333941.xyz,GammaQC,2026-06-09
1333942.xyz,GammaQC,2026-06-09
1333943.xyz,GammaQC,2026-06-09
1333944.xyz,GammaQC,2026-06-09
1333945.xyz,GammaQC,2026-06-09
1333946.xyz,GammaQC,2026-06-09
1333947.xyz,GammaQC,2026-06-09
1333948.xyz,GammaQC,2026-06-09
1333949.xyz,GammaQC,2026-06-09
1333950.xyz,GammaQC,2026-06-09
1333951.xyz,GammaQC,2026-06-09
1333952.xyz,GammaQC,2026-06-09
1333953.xyz,GammaQC,2026-06-09
1333954.xyz,GammaQC,2026-06-09
1333955.xyz,GammaQC,2026-06-09
1333956.xyz,GammaQC,2026-06-09
1333957.xyz,GammaQC,2026-06-09
1333958.xyz,GammaQC,2026-06-09
1333959.xyz,GammaQC,2026-06-09
1333960.xyz,GammaQC,2026-06-09
1333961.xyz,GammaQC,2026-06-09
1333962.xyz,GammaQC,2026-06-09
1333963.xyz,GammaQC,2026-06-09
1333964.xyz,GammaQC,2026-06-09
1333965.xyz,GammaQC,2026-06-09
1333966.xyz,GammaQC,2026-06-09
1333967.xyz,GammaQC,2026-06-09
1333968.xyz,GammaQC,2026-06-09
1333969.xyz,GammaQC,2026-06-09
1333970.xyz,GammaQC,2026-06-09
1333971.xyz,GammaQC,2026-06-09
1333972.xyz,GammaQC,2026-06-09
1333973.xyz,GammaQC,2026-06-09
1333974.xyz,GammaQC,2026-06-09
1333975.xyz,GammaQC,2026-06-09
1333976.xyz,GammaQC,2026-06-09
1333977.xyz,GammaQC,2026-06-09
1333978.xyz,GammaQC,2026-06-09
1333979.xyz,GammaQC,2026-06-09
1333980.xyz,GammaQC,2026-06-09
1333981.xyz,GammaQC,2026-06-09
1333982.xyz,GammaQC,2026-06-09
1333983.xyz,GammaQC,2026-06-09
1333984.xyz,GammaQC,2026-06-09
1333985.xyz,GammaQC,2026-06-09
1333986.xyz,GammaQC,2026-06-09
1333987.xyz,GammaQC,2026-06-09
1333988.xyz,GammaQC,2026-06-09
1333989.xyz,GammaQC,2026-06-09
1333990.xyz,GammaQC,2026-06-09
1333991.xyz,GammaQC,2026-06-09
1333992.xyz,GammaQC,2026-06-09
1333993.xyz,GammaQC,2026-06-09
1333994.xyz,GammaQC,2026-06-09
1333995.xyz,GammaQC,2026-06-09
1333996.xyz,GammaQC,2026-06-09
1333997.xyz,GammaQC,2026-06-09
1333998.xyz,GammaQC,2026-06-09
